{
    "loss": 1.5962388515472412,
    "accuracy": 0.8623632788658142
}