{
    "loss": 21.317834854125977,
    "accuracy": 0.7525003552436829
}